ID,Address1,Address2,Address3,Address4,City,City2,Company,Country,Department,Email,Fax Phone,First Name,Group,Circulate,Alt,Alt Phone,ID/Statue,Mobile Phone,Name Prefix,Personal Email,Phone,Postcode,Postcode2,Spouse,State,State2,Surname,Title,Web Site,Notes,PA
1,"22 Lee Glen
New Todd, QLD, 2909","01 Elizabeth Fairway
Danielletown, SA, 5293","Apt. 597 991 Sharon Gap
Timothyhaven, NSW, 2906","92 James Expressway
Gibbsville, NSW, 8167",Fergusonfurt,Graymouth,Boyer-Garza,Greenland,Newspaper journalist,shannon93@example.org,08 7362 6193,Adam,C,Yes,A,(02).0666.9004,5669,03-3898-4700,Dr.,uferguson@example.com,+61342024283,7616,2920,Elizabeth,Western Australia,Queensland,Warren,Dr.,http://parker-murray.com/,Perspiciatis unde ullam eius deserunt quaerat.,C
2,"Unit 81 6 Ali Cross
South Austinside, VIC, 2923","0 Thompson Turn
St. Margaretside, NSW, 3073","2 Stone Break
Barajasville, ACT, 3588","Suite 442 8 Brown Centre
North Lauren, QLD, 8884",New Alexander,St. David,Williams-Thomas,Central African Republic,Private music teacher,jacobcollins@example.net,8610-0774,Roberto,C,Yes,B,4389.8658,7353,+61-8-3061-6968,Mr.,icochran@example.com,0456-587-018,2993,6904,Tara,Queensland,Northern Territory,Reese,Mr.,https://www.taylor.info/,Vitae quos incidunt quam.,A
3,"3/680 Powers Break
Scottview, WA, 2613","593 Jonathan Avenue
St. Jeffreyview, WA, 2961","Apt. 104 21 Tiffany Cross
Dawnmouth, NSW, 2922","61/0 Troy Courtyard
Port Marybury, ACT, 2941",North Anthony,Melissaburgh,"Mathews, Higgins and James",Jersey,"Engineer, civil (consulting)",idelgado@example.com,(08)-0134-4917,Rebecca,B,No,B,+61-419-440-143,8792,(07)51097376,Mx.,johnmyers@example.com,3440 9967,2637,2670,Dawn,Western Australia,South Australia,Duffy,Dr.,https://sanchez-jordan.net.au/,Ipsa temporibus quibusdam.,B
4,"Apt. 773 92 Parker Reserve
Lisaborough, QLD, 2947","48/2 Tamara Anchorage
New Margarettown, SA, 2981","Apt. 172 4 Stewart Brae
New Ashley, VIC, 2631","11 Bishop Subway
West Kaitlynville, ACT, 2696",Karenberg,Jessicashire,Glover-Flores,Dominica,"Surveyor, mining",shawn06@example.net,+61.474.636.617,Nicole,B,No,B,+61 432 110 599,2334,0822 2358,Miss,jonesamy@example.net,+61-8-4067-7368,2966,2602,Sara,Western Australia,Victoria,Porter,Mrs.,https://lee.net.au/,Ipsum earum commodi quod dolores.,B
5,"Flat 01 97 Taylor End
New Shawnhaven, QLD, 1220","1 Barbara Laneway
Lake Luis, NT, 2920","9 Foster Basin
North Christopher, TAS, 2779","991 Christopher Break
New Kellyfort, NT, 2089",West Christopher,North Jonathanchester,Vaughn Group,Haiti,Brewing technologist,paul55@example.org,+61-494-551-648,Dawn,C,Yes,A,+61 7 2663 5205,4329,6178.5355,Dr.,rickyhale@example.com,0478-495-328,0269,2973,Michelle,South Australia,Australian Capital Territory,Moore,Mrs.,http://rangel-english.net.au/,Cumque voluptatibus repellendus iusto est.,B
6,"403/39 Ricky Expressway
New Kevin, SA, 2901","2 Danielle Run
Perezville, WA, 2362","Suite 830 0 West Villas
Baileyville, WA, 2619","Flat 37 6 Sloan Riverway
Juliaview, TAS, 2086",Williamfort,Lanebury,"Vargas, Luna and Young",Cote d'Ivoire,Trade union research officer,kimberly25@example.com,0466-650-972,Alex,C,No,A,+61 7 3866 7125,1502,03-0590-6372,Mx.,anajenkins@example.com,5414 0250,2950,2658,Hailey,Northern Territory,South Australia,Fischer,Mrs.,https://montgomery-west.info/,Repellendus ullam sequi doloremque.,B
7,"Flat 99 9 James Ridgeway
North Williambury, SA, 2649","75/83 Pratt Green
West Julie, NT, 2622","3 Snyder Strand
Olsonton, NSW, 2619","89 Russell Avenue
North Michael, ACT, 2034",Johnsonhaven,Andrewview,Whitehead Ltd,Cook Islands,Waste management officer,jonathan60@example.net,+61 8 8851 8435,Joy,C,Yes,C,(07).4280.7167,4251,0851633268,Dr.,jonathansharp@example.net,+61-7-0269-0743,2657,2644,Sandra,Tasmania,Australian Capital Territory,Medina,Mr.,http://mendoza-cruz.org/,Assumenda quibusdam reiciendis eaque eum maxime.,C
8,"463 Elizabeth Glade
Avilaborough, NSW, 2884","791/90 Dalton Cruiseway
Andrademouth, VIC, 2607","Level 6 807 Brian Mall
Ramosberg, QLD, 2625","Unit 08 70 Kendra Roads
Emilyfort, TAS, 8617",East Erikamouth,Alexanderland,Richard-Moore,Tonga,Nutritional therapist,janetmercado@example.com,(03)99561480,Donald,A,No,C,+61.475.160.734,3044,07 7937 2922,Mr.,gordonlisa@example.net,(07)-1151-5559,6775,2242,Rebecca,South Australia,Tasmania,Harris,Dr.,http://www.callahan.org.au/,Aliquid aspernatur odio corporis minus.,A
9,"Unit 55 58 Sonya Follow
North Anthonyside, QLD, 1419","56 William Interchange
Smithport, QLD, 2991","0 Courtney Road
Ethanville, NT, 2630","145/710 Robert Quad
Rebeccaview, TAS, 2696",West Teresafort,St. Carolyn,Smith-Casey,Kuwait,Careers information officer,mosesjason@example.com,+61.8.5510.3687,Kimberly,B,No,A,(02)27422294,7654,+61389406441,Mx.,davisteresa@example.com,+61.479.270.140,2385,2663,Melanie,Tasmania,Queensland,Fisher,Mr.,https://www.brown-rodriguez.info/,Eos illo facilis quaerat. Ad sed corrupti amet.,C
10,"Apt. 236 990 Ruth Reserve
Port Bonnieberg, TAS, 2991","6/3 Ross Court
Jeremychester, TAS, 2991","05 Romero Grove
Terrellport, NSW, 2858","Apt. 787 36 Frazier Lookout
Gibbsborough, VIC, 2974",West Jessica,Stephaniebury,Cline and Sons,Sweden,Artist,adavis@example.org,+61 482 854 442,Brittany,C,No,B,03-5637-5914,5532,08.9659.1220,Mr.,lmartin@example.org,07.1994.3977,2907,2328,Tiffany,Northern Territory,Northern Territory,Deleon,Mr.,https://www.hanna.com/,Beatae accusantium expedita suscipit id.,B
11,"329 Heather Alley
Perkinsmouth, VIC, 0879","025 Woods Pocket
Donnaton, WA, 2641","Level 6 7 Kemp Turn
South Jayshire, VIC, 3122","967 Jackson Street
Wilsonshire, NSW, 2996",Luisfurt,West Raymondfurt,Wiggins-Wood,Oman,Psychiatric nurse,millerkevin@example.net,+61.401.396.316,Jessica,C,Yes,C,88407418,1957,0756884982,Ms.,hcampbell@example.org,+61.408.883.196,2975,2904,Jennifer,Queensland,Tasmania,Robinson,Mrs.,https://www.graham-smith.biz/,Laboriosam laborum saepe eum rem quia.,A
12,"217 Garrett Concourse
Lake Ericborough, NT, 4706","Level 5 497 James Crossway
North Nicole, QLD, 4481","0 Brooks Way
Lake Michaelmouth, SA, 2610","311 Ramsey Bridge
South Brendaton, SA, 2762",Lake Christinaland,East Morganhaven,Cruz Group,Cayman Islands,Geophysical data processor,lwilson@example.org,0232846321,Dawn,B,Yes,C,(03)-5516-9546,6532,59312024,Mr.,bonnie24@example.net,07 3054 6938,2010,6326,Ashley,Northern Territory,Queensland,Morgan,Mrs.,https://www.west.net.au/,Enim deserunt voluptatum magnam accusamus.,B
13,"63 Crystal Ramp
Raymondhaven, VIC, 2016","08/90 Justin Rue
Matthewport, NT, 2462","2 Robin Walk
Marytown, NSW, 2212","827 Nicholas Pocket
Jeffreyfort, WA, 2743",Port Jimchester,New Edwardborough,Marsh PLC,Mexico,Mental health nurse,jamesbentley@example.net,08.3073.2834,Natasha,B,Yes,C,03-1148-5509,1767,02 2680 6947,Mrs.,anthonycarter@example.net,+61 7 6852 6743,2985,2977,Sharon,Australian Capital Territory,Queensland,Arnold,Dr.,http://jones.edu.au/,Rerum rerum dolore ipsa quaerat repellat ea.,A
14,"226/14 Danielle Lane
New Karishire, VIC, 2434","675 Sutton Ring
Jasminefurt, TAS, 2905","Flat 38 92 Pugh Intersection
Danielstad, NT, 4484","084 Stacy Strand
Lake Brandystad, ACT, 2619",Moraleschester,West Evan,Robles Group,Pitcairn Islands,Secretary/administrator,daniellesellers@example.net,+61 2 6183 1863,Kelli,A,No,B,03.4742.7126,1672,0784308729,Mrs.,ihaney@example.com,+61 2 0298 6285,9736,8862,Lisa,Northern Territory,Western Australia,Winters,Mr.,http://www.miller-newton.com/,Est illum consequuntur.,C
15,"Apt. 591 241 Montgomery Corso
Gallowayville, NSW, 2641","Suite 152 00 Ferguson Square
New Kayla, NSW, 2976","Suite 510 51 Nancy Quay
St. James, NSW, 7959","629 Mcmahon Break
West Joan, ACT, 2966",Turnershire,Jordanton,"Jimenez, Robinson and Bryant",Benin,Pensions consultant,laurieryan@example.org,+61-7-9326-9581,Anthony,C,Yes,C,08 2811 4530,4729,(03) 1731 3728,Mrs.,shellyhaley@example.org,8812-8871,2667,2920,Sherri,Tasmania,Victoria,May,Mrs.,http://dunlap-bryant.net/,Ratione vitae veritatis minima.,C
16,"3 Randall Little
Port Williammouth, ACT, 6776","Flat 20 60 Lopez Point
Lopezport, NT, 9345","4 Megan River
Herrerashire, SA, 0235","881 James Intersection
St. Andrew, NT, 2930",St. Katrina,New Jeremy,Lloyd-Martinez,Falkland Islands (Malvinas),Financial adviser,wendyelliott@example.net,+61.8.1133.0216,Teresa,B,No,A,73560044,5591,07 5987 1675,Mr.,jamesmorales@example.com,0467 783 016,2638,2994,Heather,Australian Capital Territory,Northern Territory,Stuart,Dr.,http://www.garcia.net/,Corrupti ad sapiente.,B
17,"17/78 Steven Parkway
East Robertshire, ACT, 2994","589 Key Approach
Nelsonview, SA, 2653","Flat 90 0 Burnett Roadside
Crystalfurt, TAS, 2920","Flat 26 99 Matthew Boulevard
Port Amanda, NT, 5127",Ryanberg,Romeroburgh,Blevins-Foley,Kyrgyz Republic,Consulting civil engineer,abigailkennedy@example.com,63394365,Lauren,C,Yes,A,7912.7044,2786,(08)94787952,Mr.,daniel51@example.net,8692 4119,2624,2902,Lisa,South Australia,Queensland,Clark,Dr.,http://hernandez.org.au/,Quaerat quaerat ipsam dolore tenetur.,B
18,"Suite 740 97 Javier Alleyway
Lake Darlene, QLD, 7154","75 Jessica Avenue
Martinezchester, NT, 2050","837 Williams Mews
Jonesmouth, ACT, 3137","1/2 Alexandra Close
West Kayla, NT, 2626",Kevinbury,Lake Danielland,Henderson-Dickerson,Cameroon,Dealer,jhart@example.org,0234991804,Jonathan,C,No,A,07074300,2324,0743250861,Mr.,rscott@example.net,(03).5657.3504,0815,2609,Debra,Victoria,South Australia,Lawson,Mrs.,https://www.oliver-davis.edu.au/,At magnam harum ex omnis rem itaque.,B
19,"57 Mills Copse
Padillaborough, NT, 2263","7 Rodriguez Ramble
Starkland, NSW, 2619","540 Heather Edge
Clarkmouth, QLD, 5265","90/6 Kevin End
Lewisland, ACT, 2654",Emilybury,Jamesberg,Tyler-Myers,Belize,Lobbyist,james16@example.net,(08)04046181,Heidi,C,No,A,0240116246,1479,(07)-5609-4774,Dr.,rbaker@example.com,0419.686.079,0920,2910,Phyllis,Tasmania,Northern Territory,Morrison,Mr.,http://www.smith-jones.org/,Nam illo deserunt debitis quod sunt quam.,C
20,"286 Ashley Tarn
Port Judy, TAS, 0238","251 Hancock Riviera
Jefferyton, SA, 2693","11 John Distributor
North Brandon, ACT, 2944","Suite 196 720 Andrea Parklands
North Andre, NT, 2387",Palmermouth,Port Maureenview,Smith-Ramirez,Mauritania,Higher education lecturer,toni22@example.org,(03)-7527-5489,Jennifer,B,No,C,62061018,4925,0466-515-885,Mr.,wlucas@example.net,+61217468735,2018,6815,Yolanda,Northern Territory,South Australia,Castro,Mrs.,http://www.jones.edu/,Explicabo neque eveniet iste.,C
21,"7/5 James Street
West Melissa, WA, 2976","Flat 35 9 Mckay Trunkway
South Ryan, ACT, 2929","08 Jerry Ring
North Margaretside, WA, 5228","Apt. 367 257 Thomas Estate
West Jennifer, QLD, 5207",West Gregory,South Spencertown,"Brooks, Stewart and Smith",Equatorial Guinea,Financial risk analyst,ernestserrano@example.net,+61 473 886 930,Matthew,C,Yes,B,(07)-5860-6415,2589,86552048,Mx.,hayessarah@example.com,07 4786 2021,2619,4567,Mindy,Victoria,New South Wales,Winters,Mrs.,http://martin.org.au/,Expedita adipisci aperiam neque quisquam.,B
22,"285 Erica Dale
South Jeremychester, TAS, 2613","273 Jeffrey Junction
Brooksfort, WA, 2619","530 Kenneth Basin
Torreston, WA, 2684","994 Michael Pathway
West Jessicatown, ACT, 8501",St. Paul,Santiagoburgh,"Ford, Wells and Benton",Cambodia,Lobbyist,andrew26@example.org,+61.8.5533.0427,Tony,C,Yes,C,+61720586028,7061,+61 7 0832 9366,Ind.,egrant@example.com,0846357189,2627,2656,Jennifer,Australian Capital Territory,South Australia,Davis,Dr.,https://www.duncan.info/,Nihil a provident ducimus porro.,B
23,"6 Jones Path
Daniellechester, WA, 2190","Unit 30 916 Mark Foreshore
Melissaville, SA, 2405","Flat 38 43 Cantu Reserve
Hendricksmouth, ACT, 2941","028 Whitney Line
East John, NSW, 2971",Fullerborough,South Kathleenfurt,Reed LLC,Faroe Islands,Control and instrumentation engineer,holmesbradley@example.com,(07)-7357-5360,Robert,A,No,A,0439-041-181,3006,07.2196.4998,Ind.,joseph14@example.com,+61 411 656 440,2721,2993,Kerri,Victoria,Western Australia,Ball,Mrs.,https://www.price.com/,Officiis officia fugiat magnam eius quaerat.,C
24,"2 Maldonado Villas
North Erinhaven, ACT, 2650","Unit 95 4 Anthony Gates
Castrohaven, WA, 2950","21 Moore Rise
Port Debbie, SA, 2606","Flat 33 71 Novak Cul-de-sac
North Brianmouth, QLD, 4146",Suzanneland,Port Paigefurt,"Smith, Clark and Brooks",Vietnam,"Pharmacist, hospital",debraharris@example.org,(08)-1735-8897,Sharon,B,Yes,B,+61.3.3682.3418,1355,0442 178 660,Mx.,dianawallace@example.com,(03)-9222-5286,2976,2616,Brenda,Tasmania,Northern Territory,Castro,Mrs.,http://www.davis.org.au/,Soluta eos possimus sint veritatis.,C
25,"Unit 57 3 Harper Riviera
Rossshire, ACT, 2526","Flat 43 907 Hodge Dale
North Andrew, VIC, 2306","Apt. 912 9 Jason Villas
Lake Gary, SA, 2933","1 Jason Quad
Peterfurt, NSW, 2902",Kingmouth,Craigside,Thompson Group,Congo,Rural practice surveyor,samantha98@example.net,+61-467-220-424,Jeremy,A,No,C,+61282618947,9187,7821 6801,Mr.,cassandrahiggins@example.org,+61 7 7800 9979,2915,2909,Christy,Victoria,Australian Capital Territory,Caldwell,Dr.,http://www.thomas-murray.info/,Porro illo libero fugiat pariatur.,A
26,"3 Cheryl Bypass
New Tanya, VIC, 2947","557 Campbell Triangle
Schmidtchester, TAS, 2609","4 Angela Promenade
Theresamouth, SA, 5403","938 Rebecca Close
Huangstad, ACT, 2901",Earlborough,Parkerchester,"Molina, Taylor and Taylor",Cape Verde,Soil scientist,johnochoa@example.org,+61.441.541.453,Jennifer,C,Yes,A,(07) 3826 7381,7399,+61897956528,Ms.,markmarsh@example.org,02 2612 0988,2445,4409,Michelle,Victoria,Northern Territory,Smith,Mrs.,http://www.richardson.net/,Itaque eius ea quibusdam fugiat.,C
27,"3/69 Kevin Path
Ryanshire, ACT, 2550","946 Bruce Fire Track
Bridgesview, NSW, 2933","315 Bradley Lees
St. William, NT, 6007","Suite 656 89 Rodriguez Formation
North Chelsey, NSW, 2619",Richardbury,West Jacobshire,Cummings Group,Monaco,"Surveyor, planning and development",kristina98@example.org,+61262203365,Omar,C,Yes,B,2706.4517,8478,08-2185-2746,Mrs.,kathryngonzales@example.net,+61.2.8100.7803,2587,2926,Lori,Northern Territory,Victoria,Smith,Mr.,https://newman.org/,Nam in laboriosam ipsum doloribus quasi.,B
28,"1 Amanda Road
Jillchester, WA, 6401","Apt. 890 37 Adams Formation
Oliverburgh, NSW, 2689","8 Graham Little
North Cassandra, ACT, 2902","Flat 42 7 Arnold Grange
Robertburgh, WA, 2941",West Michaelview,New Jerryview,Stone Ltd,Kiribati,"Education officer, environmental",kevin78@example.net,+61227796484,Marcus,B,Yes,C,(03) 2453 9318,7096,0452.759.906,Mx.,uhoffman@example.org,+61-3-1585-0770,2645,2625,Heather,New South Wales,New South Wales,Robertson,Mrs.,https://sanders-washington.com/,Autem odit aliquam odio molestias consectetur.,B
29,"6 Lewis Lower
Jimenezhaven, NSW, 2920","179 Amanda Centre
South Gina, QLD, 2663","Apt. 712 5 Murray Ring
Glennview, TAS, 3245","1/3 Salazar Loop
Wileymouth, SA, 2785",Port Nicole,Port Davidmouth,Patel-Newton,Tokelau,Human resources officer,jeremy87@example.com,(08)-6520-4731,Craig,B,Yes,C,+61.437.704.441,9958,+61-451-490-140,Mrs.,antoniorodriguez@example.org,+61.2.3792.2348,2781,2920,Kathleen,South Australia,Victoria,Bryant,Mr.,https://www.frye-collins.biz/,Dicta odio quidem perspiciatis.,C
30,"066 Hawkins Strand
West Sonyaview, WA, 2055","016 Nancy Path
West Jessicaburgh, VIC, 2623","Unit 35 712 Yoder Rosebowl
Lake Karen, WA, 7173","8/91 Brandon Frontage
West Christinebury, ACT, 2025",Derekstad,Wheelerberg,Peterson Ltd,Congo,"Nurse, learning disability",wspencer@example.org,1782-6454,Doris,C,No,B,0413.950.184,4004,07.7750.0050,Mrs.,williamsjennifer@example.com,37332306,2685,2686,Cathy,Northern Territory,Queensland,Chambers,Mr.,http://www.davis.net/,Reprehenderit nisi recusandae quis ipsa.,C
31,"Flat 21 171 Hanson Right Of Way
New Kevinshire, QLD, 2969","01 Amanda Fire Track
Thomastown, WA, 2605","Flat 04 00 Laura Dell
Lanebury, QLD, 2920","08 Curry Reach
St. Alexa, ACT, 2651",Gonzalezstad,St. Patrick,Tucker Group,French Polynesia,"Designer, interior/spatial",dmack@example.com,07 1713 3509,Kim,B,Yes,A,02.3276.0575,6549,+61 8 5584 0009,Ind.,richard51@example.net,+61.402.770.229,2615,2680,Patricia,Victoria,New South Wales,Johnson,Dr.,http://www.wright.org.au/,Natus voluptate minus earum.,B
32,"80/276 Adrian Villas
Leeland, VIC, 2946","Flat 56 10 Jane Cove
Richardtown, SA, 2989","1 Cooper Driveway
Watersfurt, ACT, 2273","Apt. 978 196 Matthew Range
Lindashire, QLD, 2670",Port Kevinland,New Daniel,Edwards-Wright,Aruba,Field trials officer,flarson@example.com,6436.2911,Jose,C,No,B,(07) 8028 1604,3326,+61384600309,Ms.,baileypamela@example.org,(02)-3953-7491,5863,2679,Stacey,Queensland,Victoria,Wilkerson,Mr.,https://mathews.info/,Voluptatum alias odit molestias labore eos.,A
33,"9 Veronica Siding
West Lori, WA, 2632","23 Jenkins Outlook
Lake Crystal, WA, 2335","7 Donna Copse
Owensborough, TAS, 3768","Flat 38 0 Wilson Formation
North Gregorytown, VIC, 2989",East Lauramouth,North Amandatown,"Martin, Lee and Boyd",Madagascar,Radiation protection practitioner,nhines@example.org,0880003172,Sheryl,A,No,C,+61 7 3169 5803,8830,08 7446 5624,Miss,kathrynsmith@example.com,73788475,4812,2160,Karen,Western Australia,Australian Capital Territory,Collins,Dr.,http://steele.org.au/,Vitae atque dolore doloribus.,B
34,"5 Smith Cutting
St. Tylerstad, WA, 2914","Level 2 4 Christine View
North Mikeville, VIC, 2631","88 Lynn Centre
St. Nicholasville, NSW, 2028","5 Zachary Extension
East Matthew, TAS, 4399",Garychester,Taylorchester,Neal-Erickson,Antarctica (the territory South of 60 deg S),Drilling engineer,kristin85@example.com,4152 6518,Michael,A,No,B,84318967,1959,0408 802 759,Mr.,donald11@example.com,(03).2380.4441,2515,9356,Kimberly,New South Wales,Western Australia,Johnson,Mrs.,https://www.james.biz/,Sit alias fuga enim delectus eveniet.,B
35,"Apt. 729 8 Wallace Quay
Coleview, WA, 2967","Suite 300 8 Mcknight Junction
West Tracyfurt, TAS, 4151","718/03 Cole Fire Track
Jeffreyfurt, ACT, 0820","Flat 99 588 Burns Lower
Mackborough, ACT, 2670",West Dustin,Thomasfurt,"Phillips, Armstrong and Knight",Sudan,"Geologist, engineering",cassandra63@example.net,+61-421-621-512,John,B,No,A,+61-430-274-278,5381,(08)46067815,Mr.,osmith@example.com,1146-8936,2911,2371,Stephanie,Western Australia,Victoria,Dean,Dr.,http://rowland.info/,Pariatur sunt veritatis ratione.,C
36,"Flat 46 15 Smith Vista
Hernandezborough, QLD, 2610","Apt. 282 235 Hughes Laneway
East Dianefort, NT, 2947","720 Cheryl Terrace
Jessicaland, TAS, 2951","3 Stevens Tarn
Liborough, VIC, 1596",Felicialand,Aliciachester,Walter-Nelson,Montserrat,Museum/gallery conservator,weavermichael@example.net,08-4923-6197,Hunter,B,Yes,C,3582 0872,6412,02-9283-4000,Mr.,crystal71@example.org,0311298727,5531,6655,Beth,Queensland,Queensland,Suarez,Mr.,https://www.johnson-nelson.biz/,Minima harum cum facere enim libero.,B
37,"96 Brian Heights
Zhangfurt, NT, 2975","Flat 75 361 Kathy Fairway
Lake Shannonstad, SA, 2945","Unit 28 70 Jacob Grove
East Davidmouth, SA, 2920","Suite 734 889 Erika Path
Ashleyburgh, TAS, 2651",East Davidstad,New Jacobberg,Diaz PLC,Singapore,Food technologist,amendoza@example.com,(08)-8029-3328,Trevor,A,Yes,C,4723 1307,5798,07-0554-6806,Mr.,andrewduncan@example.com,+61 7 5312 7143,2973,9782,Anne,Australian Capital Territory,Victoria,Kennedy,Dr.,http://www.christensen.com/,Vero provident beatae deserunt omnis.,A
38,"4 Martin Highroad
St. Sarah, NT, 2610","2/81 Mia Mew
Lake Johnny, NSW, 2381","5/84 Bryant Elbow
East Olivia, NT, 2906","Flat 94 44 Sanchez Byway
Meganland, NT, 2620",Williamsborough,Perezchester,"Scott, Hicks and Johnson",Faroe Islands,Barista,emily93@example.com,0447.400.922,Kimberly,A,No,A,(03) 7535 4608,8758,0408 012 682,Mx.,andrewmartinez@example.net,(07).1581.1690,2652,2408,Audrey,Queensland,Western Australia,Henderson,Dr.,https://www.williams.biz/,Ipsa perspiciatis voluptatibus.,A
39,"Unit 60 9 Vaughn Common
Simmonsshire, QLD, 2536","01 Seth Causeway
East Patrick, NSW, 8116","6 Benjamin End
East Davidhaven, TAS, 2910","Suite 952 42 Pamela Landing
Lake Sharonborough, QLD, 2783",Fordview,West Joyce,Riggs-Adams,Iraq,Contractor,robinspencer@example.org,(08)54424933,Lisa,A,No,C,0478.412.178,6655,07 5979 6585,Dr.,elizabethkim@example.org,6341-3423,0241,2688,Stacey,Tasmania,Australian Capital Territory,Pitts,Dr.,https://www.cole-mccoy.edu.au/,Deserunt at architecto nam assumenda.,B
40,"Level 6 7 Wilkerson Centreway
Jennachester, NT, 2982","66/53 Lisa Anchorage
East Savannahfort, WA, 2699","Apt. 904 13 Michelle Front
Curtisbury, TAS, 2659","52/443 Walker Roadside
Elizabethshire, NT, 2663",Casefurt,Port Monica,Lopez-Tucker,Seychelles,Secretary/administrator,morganlynn@example.org,+61-436-054-188,Tyler,A,Yes,A,+61 8 4993 4736,4677,(02)-5943-6740,Mx.,bmoody@example.com,+61.407.135.925,2906,2947,Sherri,South Australia,Victoria,Ramos,Dr.,https://coleman-lee.org.au/,Enim ut minus atque alias deleniti.,B
41,"967 Sean Centreway
Toddshire, WA, 2609","1 Mary Ridge
Ricardomouth, WA, 2614","4 Carmen Route
Alexisbury, QLD, 2944","8 Smith Intersection
Brooksmouth, QLD, 2634",Phelpsstad,Jamiefort,Brooks-Pruitt,Serbia,"Psychologist, sport and exercise",sedwards@example.org,3312.5687,Jo,A,Yes,C,07-5591-6797,2188,0410 452 420,Misc.,billy85@example.com,+61394411522,2665,2619,Maria,Tasmania,Northern Territory,Wood,Mrs.,http://roberts.org/,Fuga expedita neque nostrum nulla.,A
42,"931 Orozco Walk
Matthewstad, SA, 0858","Apt. 560 440 Taylor Gate
East Kelsey, NT, 2648","375/007 Burnett Close
Alejandroview, NSW, 2969","22 Goodman Rise
East Deborah, SA, 0267",Wardchester,Marksport,Harris-Parks,Sierra Leone,Proofreader,garnercody@example.org,+61294953550,Donna,C,No,A,0404 044 009,7093,0400 360 153,Mx.,wheelertimothy@example.net,+61.8.7730.5836,2977,2411,Terry,Queensland,New South Wales,Gross,Dr.,http://wilkins-banks.net/,Quaerat vitae possimus voluptatem.,C
43,"66 Brown Circuit
Lake Lydia, NT, 2977","Flat 67 11 Warren Crescent
Carterland, WA, 2657","2 Douglas Quays
Schneiderstad, ACT, 2950","10 Watson Line
New Scottview, QLD, 5381",East Joshuaville,Haasville,Lee-Brock,British Indian Ocean Territory (Chagos Archipelago),"Engineer, site",bernard93@example.net,59707871,Leah,C,Yes,C,9060.9230,4067,+61207722190,Mx.,veronica70@example.com,3482-1816,2930,4718,Lindsey,New South Wales,Queensland,Johnson,Mrs.,https://www.valenzuela.net/,Ipsum explicabo tempore saepe.,A
44,"0 Pamela Strip
St. Brandonview, NSW, 6893","36 Pamela Walk
Rebeccashire, QLD, 0803","092 Hoffman Edge
East Rebeccaside, NSW, 2981","Suite 686 05 Emily Villas
Danielfurt, SA, 6722",Mossmouth,Tuckerfort,Miller-Cox,Azerbaijan,Passenger transport manager,perkinskatherine@example.com,+61.482.522.671,William,C,No,A,0455 729 802,4549,(07)53875416,Dr.,wayne56@example.org,4686 3181,2034,2974,Mary,Australian Capital Territory,Western Australia,Daniels,Mr.,https://gray-wang.biz/,Facilis velit dolore ullam.,B
45,"59 Robinson Part
Bakerstad, ACT, 0297","935 Stevenson Concourse
Jefferyville, NT, 2625","5 Karen Rest
Wrightside, NSW, 1963","63 Brian Brae
Olsonland, SA, 2398",Sarahmouth,New Amanda,Jordan LLC,Suriname,"Sound technician, broadcasting/film/video",underwoodbilly@example.com,0440-197-815,William,A,Yes,B,+61 3 1516 5195,3443,08-1521-5110,Mr.,avaughan@example.net,(03)78540443,2195,2913,Amy,South Australia,South Australia,Carter,Mrs.,http://www.jimenez.org/,Dolor non sed odit unde unde.,A
46,"Apt. 897 384 Obrien Quadrant
South Cameron, ACT, 2690","108/568 Wilson Thoroughfare
Griffinmouth, TAS, 8252","0 Mendoza Gates
Rhodesstad, NSW, 0248","Flat 56 7 Jeffrey Byway
Pacefurt, NT, 2990",Lake Jessica,St. Joy,Stewart Inc,Falkland Islands (Malvinas),Planning and development surveyor,stevenwright@example.net,+61-2-0780-2496,Andrew,A,Yes,A,0482 239 635,8455,2278 8848,Ind.,oconnelldonna@example.net,+61.453.452.911,2992,2933,Karen,New South Wales,New South Wales,Bender,Mrs.,https://lynch.edu.au/,Numquam error odio cupiditate.,A
47,"493 Stacey Steps
Port Tiffanytown, VIC, 2922","84/29 Jackson Entrance
South Jacqueline, NSW, 2625","18 Deanna Close
Frostside, VIC, 2882","59 Alvin Parade
West Lindatown, NSW, 2325",Cohenfort,Port Jerrystad,Schwartz Ltd,Pakistan,Geoscientist,wardmichael@example.com,+61.2.7115.7461,Richard,C,Yes,A,+61-451-162-396,5465,07 4050 8942,Miss,barnettkaren@example.org,+61-496-534-838,2633,2979,Jacqueline,Northern Territory,Western Australia,Fernandez,Mr.,https://sloan.biz/,Ea sed dicta eum dolore molestiae sed.,B
48,"Level 8 80 Elizabeth Mews
South Jeffrey, ACT, 2934","115 Pena Firetrail
Dustintown, NT, 2947","1 Teresa Corner
Desireebury, TAS, 4243","Apt. 043 0 Michael Gates
West Aaron, QLD, 2603",Virginiaton,Lisashire,Hendricks LLC,Holy See (Vatican City State),"Optician, dispensing",newmanlogan@example.net,0495.993.515,William,C,No,A,07-4935-9740,8708,1716-1373,Mrs.,cherylhernandez@example.net,02-5284-1061,2613,2671,Rebecca,Australian Capital Territory,Tasmania,Griffin,Mrs.,https://www.graves-buck.com/,Odit sunt sapiente adipisci.,A
49,"Unit 14 75 Anna Estate
East Donald, QLD, 2131","987 Blair Front
Singhview, SA, 3053","5 Brian Subway
St. Brittneyland, ACT, 7761","80 Wilson Alley
Port Ricky, TAS, 2967",Amandachester,Port Jessicaside,Green Ltd,North Macedonia,Landscape architect,staffordcaleb@example.org,+61-7-7835-2734,Carla,C,Yes,C,46501282,6902,3104-8207,Ind.,allen76@example.com,5214-8721,2683,2971,Tracy,South Australia,Tasmania,Mccullough,Mr.,http://www.nielsen.org.au/,Ex quo temporibus similique possimus alias ipsum.,A
50,"8/77 Randall Court
Kington, TAS, 2567","138 Susan Siding
Katelynburgh, WA, 8156","729 Franklin River
St. Christopherberg, NSW, 2920","636 Jonathan Row
Stephanietown, NSW, 2819",Hancockville,New Davidmouth,Roberts-Terry,Sri Lanka,Brewing technologist,hallstacie@example.com,03-3311-1817,Marie,B,No,B,07.5333.5710,6244,(08)-8366-7061,Ms.,rmckay@example.net,+61 8 5895 8495,8565,5090,Amanda,Western Australia,Australian Capital Territory,Moreno,Mrs.,http://www.smith.org/,Quisquam nemo aperiam quod aliquam dolore.,C
